"link","url","latitude","longitude"
"Arecibo Observatory","/wiki/Arecibo_Observatory",18.34417,-66.75278
"Abastumani Astrophysical Observatory","/wiki/Georgian_National_Astrophysical_Observatory",41.75417,42.81944
"Abastumani","/wiki/Abastumani",41.7525,42.83194
"Shiraz University","/wiki/Shiraz_University",29.6397417,52.52675
"Adolphson Observatory","/wiki/Adolphson_Observatory",40.9128,-90.6393
"Airdrie Public Observatory","/wiki/Airdrie_Public_Observatory",55.86556,-3.98278
"Airdrie","/wiki/Airdrie,_North_Lanarkshire",55.86,-3.98
"Aker Observatory","/wiki/Aker_Observatory",32.7993,-109.72822
"Safford, Arizona","/wiki/Safford,_Arizona",32.82333,-109.71472
"Aldershot Observatory","/wiki/Aldershot_Observatory",51.2588,-0.7632
"Aldershot","/wiki/Aldershot",51.248,-0.758
"Algonquin Radio Observatory","/wiki/Algonquin_Radio_Observatory",45.9555,-78.073
"Algonquin Provincial Park","/wiki/Algonquin_Provincial_Park",45.58417,-78.35833
"Allegheny Observatory","/wiki/Allegheny_Observatory",40.482525,-80.020829
"Pittsburgh, Pennsylvania","/wiki/Pittsburgh,_Pennsylvania",40.43972,-79.97639
"Ametlla de Mar Observatory","/wiki/Ametlla_de_Mar_Observatory",40.9289333,0.79125
"AMiBA","/wiki/AMiBA",19.536194,-155.575278
"Mauna Loa","/wiki/Mauna_Loa",19.479528,-155.602667
"Hawaii","/wiki/Hawaii",21.31139,-157.79639
"Anderson Mesa Station","/wiki/Anderson_Mesa_Station",35.09694,-111.53583
"Flagstaff, Arizona","/wiki/Flagstaff,_Arizona",35.19917,-111.63111
"Angell Hall Observatory","/wiki/Angell_Hall_Observatory",42.2767,-83.7399
"Ankara University Observatory","/wiki/Ankara_University_Observatory",39.84361,32.77722
"Antarctica","/wiki/Antarctica",-69.35778,-2.24722
"Antarctic Submillimeter Telescope and Remote Observatory","/wiki/Antarctic_Submillimeter_Telescope_and_Remote_Observatory",-89.9944,-45.8833
"Antarctica","/wiki/Antarctica",-69.35778,-2.24722
"ANTARES (telescope)","/wiki/ANTARES_(telescope)",42.8,6.167
"Apache Point Observatory","/wiki/Apache_Point_Observatory",32.78028,-105.82028
"Sunspot, New Mexico","/wiki/Sunspot,_New_Mexico",32.791,-105.818
"Apollo Observatory","/wiki/Apollo_Observatory",39.788823,-84.201794
"Arcetri Observatory","/wiki/Arcetri_Observatory",43.750595,11.254426
"Arcetri","/wiki/Arcetri",43.75485,11.2518
"Arecibo Observatory","/wiki/Arecibo_Observatory",18.34417,-66.75278
"Arecibo, Puerto Rico","/wiki/Arecibo,_Puerto_Rico",18.375,-66.625
"Argentine Institute of Radio Astronomy","/wiki/Argentine_Institute_of_Radio_Astronomy",-34.867,-58.14
"Armagh Observatory","/wiki/Armagh_Observatory",54.3532,-6.65
"Armagh","/wiki/Armagh",54.3499,-6.6546
"Aryabhatta Research Institute of Observational Sciences","/wiki/Aryabhatta_Research_Institute_of_Observational_Sciences",29.022,79.027
"Nainital","/wiki/Nainital",29.395,79.449
"Ashton Observatory","/wiki/Ashton_Observatory",41.813359,-93.288211
"Baxter, Iowa","/wiki/Baxter,_Iowa",41.82444,-93.15083
"Asiago Observatory","/wiki/Asiago_Observatory",45.8664,11.5264
"Asiago","/wiki/Asiago",45.867,11.517
"Astronomical Observatory of Lisbon","/wiki/Astronomical_Observatory_of_Lisbon",38.7105389,-9.1875056
"Astronomy Centre","/wiki/Astronomy_Centre",53.71132,-2.1545
"Astrophysical Institute Potsdam","/wiki/Astrophysical_Institute_Potsdam",52.405,13.10417
"Atacama Pathfinder Experiment (APEX)","/wiki/Atacama_Pathfinder_Experiment",-23.0058,-67.7592
"Llano de Chajnantor Observatory","/wiki/Llano_de_Chajnantor_Observatory",-23.0228,-67.755
"Chile","/wiki/Chile",-30,-71
"Australia Telescope Compact Array","/wiki/Australia_Telescope_Compact_Array",-30.312777777778,149.55027777778
"Narrabri","/wiki/Narrabri",-30.31667,149.76667
"Australian Astronomical Observatory","/wiki/Australian_Astronomical_Observatory",-31.2767,149.0667
"Coonabarabran","/wiki/Coonabarabran",-31.25,149.267
"Big Bear Lake Solar Observatory","/wiki/Big_Bear_Lake_Solar_Observatory",34.2583,-116.921
"Bosscha Observatory","/wiki/Bosscha_Observatory",-6.82444,107.61556
"Badlands Observatory","/wiki/Badlands_Observatory",43.99083,-102.13056
"Quinn, South Dakota","/wiki/Quinn,_South_Dakota",43.9875,-102.12722
"Baikal Deep Underwater Neutrino Telescope","/wiki/Baikal_Deep_Underwater_Neutrino_Telescope",51.77139,104.39778
"Baikal Lake","/wiki/Baikal_Lake",53.5,108
"Baker Observatory","/wiki/Baker_Observatory",37.39889,-93.04167
"Baksan Neutrino Observatory","/wiki/Baksan_Neutrino_Observatory",43.27556,42.69028
"Ball State University Observatory","/wiki/Ball_State_University_Observatory",40.1999,-85.4113
"Muncie, Indiana","/wiki/Muncie,_Indiana",40.19333,-85.38806
"Barnard Observatory","/wiki/Barnard_Observatory",34.366,-89.534
"Oxford, Mississippi","/wiki/Oxford,_Mississippi",34.35972,-89.52611
"Bareket observatory israel","/wiki/Bareket_observatory_israel",31.888189,35.031694
"Bayfordbury Observatory","/wiki/Bayfordbury_Observatory",51.775,-0.09444
"UK","/wiki/United_Kingdom",51.5,-0.117
"Behlen Observatory","/wiki/Behlen_Observatory",41.17083,-96.44667
"Beijing","/wiki/Beijing",39.917,116.383
"Beijing Ancient Observatory","/wiki/Beijing_Ancient_Observatory",39.9061,116.4281
"Beijing","/wiki/Beijing",39.917,116.383
"Belgrade Observatory","/wiki/Belgrade_Observatory",44.80361,20.508
"Belogradchik Observatory","/wiki/Belogradchik_Observatory",43.62278,22.675
"Belogradchik","/wiki/Belogradchik",43.6252655,22.6861989
"Benmore Peak Observatory","/wiki/Benmore_Peak",-44.4172,170.094
"Mackenzie Basin","/wiki/Mackenzie_Basin",-44.06,170.45
"Bergisch Gladbach Observatory","/wiki/Bergisch_Gladbach_Observatory",51.08761,7.48578
"Berlin Observatory","/wiki/Berlin_Observatory",52.50389,13.39417
"Burrell Memorial Observatory","/wiki/Burrell_Memorial_Observatory",41.3754,-81.8513
"Besançon Observatory","/wiki/Besan%C3%A7on_Observatory",47.2469,5.9897
"Besançon","/wiki/Besan%C3%A7on",47.24,6.02
"Big Bear Lake Solar Observatory","/wiki/Big_Bear_Lake_Solar_Observatory",34.2583,-116.921
"Big Bear City, California","/wiki/Big_Bear_City,_California",34.26111,-116.845
"Bisdee Tier Optical Astronomy Observatory","/wiki/Bisdee_Tier_Optical_Astronomy_Observatory",-42.4311,147.2878
"Black Moshannon Observatory","/wiki/Black_Moshannon_Observatory",40.922,-78.005
"Blue Mesa Observatory","/wiki/Blue_Mesa_Observatory",32.4917,-107.1666
"New Mexico","/wiki/New_Mexico",34,-106
"BOOTES","/wiki/BOOTES",37.0995,-6.73747
"Bordeaux Observatory","/wiki/Bordeaux_Observatory",44.8349,-0.526
"Floirac","/wiki/Floirac,_Gironde",44.8375,-0.5247
"Bosscha Observatory","/wiki/Bosscha_Observatory",-6.82444,107.61556
"Boswell Observatory","/wiki/Boswell_Observatory",40.7199083,-96.9511
"Bowman Observatory","/wiki/Bowman_Observatory",41.032389,-73.62111
"Boyden Observatory","/wiki/Boyden_Observatory",-29.0388306,26.404722
"South Africa","/wiki/South_Africa",-30,25
"Bradstreet Observatory","/wiki/Bradstreet_Observatory",40.05028,-75.36889
"Bradley Observatory","/wiki/Bradley_Observatory",33.7652333,-84.2941611
"Braeside Observatory","/wiki/Braeside_Observatory",35.19167,-111.74833
"Flagstaff, Arizona","/wiki/Flagstaff,_Arizona",35.19917,-111.63111
"Brera Observatory","/wiki/Brera_Observatory",45.4714,9.1894
"Milan","/wiki/Milan",45.467,9.183
"Brooks Observatory","/wiki/Brooks_Observatory",41.667,-83
"Brooks Astronomical Observatory","/wiki/Brooks_Astronomical_Observatory",43.5875,-84.77444
"Brorfelde Observatory","/wiki/Brorfelde_Observatory",55.624661,11.664739
"Bucknell Observatory","/wiki/Bucknell_Observatory",40.951317,-76.883217
"Byurakan Observatory","/wiki/Byurakan_Observatory",40.33083,44.26833
"Mount Aragats","/wiki/Mount_Aragats",40.53333,44.2
"Cerro Tololo Inter-American Observatory","/wiki/Cerro_Tololo_Inter-American_Observatory",-30.1696611,-70.806525
"Cagigal Observatory","/wiki/Cagigal_Observatory",10.50361,-66.92889
"Caracas","/wiki/Caracas",10.48056,-66.90361
"Cagliari Observatory","/wiki/Cagliari_Observatory",39.13653,8.97278
"Cagliari","/wiki/Cagliari",39.22778,9.11111
"Sardinia","/wiki/Sardinia",40,9
"Calais Observatory","/wiki/Calais_Observatory",45.1847639,-67.2807611
"Calais, Maine","/wiki/Calais,_Maine",45.16611,-67.2425
"Calar Alto Observatory","/wiki/Calar_Alto_Observatory",37.22361,-2.54611
"Caltech Submillimeter Observatory","/wiki/Caltech_Submillimeter_Observatory",19.8225,-155.476
"Mauna Kea","/wiki/Mauna_Kea",19.820664075,-155.468066397
"Hawaii","/wiki/Hawaii",21.31139,-157.79639
"Campbelltown Rotary Observatory","/wiki/UWS_Rotary_Observatory",-34.07,150.8
"Canopus Hill Observatory","/wiki/Canopus_Hill_Observatory",-42.8475,147.43278
"Capilla Peak Observatory","/wiki/Capilla_Peak_Observatory",34.70667,-106.40861
"Capodimonte Observatory","/wiki/Capodimonte_Observatory",40.86286,14.25506
"Naples","/wiki/Naples",40.833,14.25
"Carter Observatory","/wiki/Carter_Observatory",-41.28437,174.76697
"Catania Astrophysical Observatory","/wiki/Catania_Astrophysical_Observatory",37.5288083,15.0714944
"Catania","/wiki/Catania",37.5,15.09028
"Cawthron Atkinson Observatory","/wiki/Cawthron_Atkinson_Observatory",-41.2253,173.3216
"Celestial Observatory","/wiki/Celestial_Observatory",35.29528,-93.13639
"Centennial Observatory","/wiki/Herrett_Observatory",42.58389,-114.47028
"Cerro Armazones Observatory","/wiki/Cerro_Armazones_Observatory",-24.59867,-70.20128
"Atacama Desert","/wiki/Atacama_Desert",-24.5,-69.25
"Chile","/wiki/Chile",-30,-71
"Cerro Tololo Inter-American Observatory","/wiki/Cerro_Tololo_Inter-American_Observatory",-30.1696611,-70.806525
"Atacama Desert","/wiki/Atacama_Desert",-24.5,-69.25
"Chile","/wiki/Chile",-30,-71
"Cerro Pachón Observatory","/wiki/Cerro_Pach%C3%B3n",-30.240722,-70.736583
"Atacama Desert","/wiki/Atacama_Desert",-24.5,-69.25
"Chile","/wiki/Chile",-30,-71
"Chabot Space & Science Center","/wiki/Chabot_Space_%26_Science_Center",37.81861,-122.18056
"Chamberlin Observatory","/wiki/Chamberlin_Observatory",39.67611,-104.95306
"Chico Community Observatory","/wiki/Chico_Community_Observatory",39.771171,-121.782745
"Chico, California","/wiki/Chico,_California",39.74,-121.83556
"Cincinnati Observatory","/wiki/Cincinnati_Observatory",39.139,-84.423
"Cincinnati, Ohio","/wiki/Cincinnati,_Ohio",39.1,-84.517
"City Observatory, Edinburgh","/wiki/City_Observatory,_Edinburgh",55.95472,-3.18333
"Clarke Observatory","/wiki/Clarke_Observatory",40.9039,-81.10637
"Class of 1951 Observatory","/wiki/Class_of_1951_Observatory",41.683011,-73.890604
"Poughkeepsie, New York","/wiki/Poughkeepsie_(town),_New_York",41.67111,-73.90694
"Cloudcroft Observatory","/wiki/Cloudcroft_Observatory",32.9795,-105.7336
"New Mexico","/wiki/New_Mexico",34,-106
"Paisley","/wiki/Paisley,_Renfrewshire",55.846627,-4.423636
"Coit Observatory","/wiki/Coit_Observatory",42.35025,-71.1053722
"Collins Observatory","/wiki/Collins_Observatory",42.11803,-77.07768
"Colombo University Observatory","/wiki/Colombo_University_Observatory",6.90143,79.86139
"ÇOMÜ Ulupinar Observatory","/wiki/%C3%87OM%C3%9C_Ulup%C4%B1nar_Observatory",40.09917,26.47472
"Concordia College Observatory","/wiki/Concordia_College_Observatory",46.86528,-96.77
"Consell Observatory","/wiki/Consell_Observatory",39.65361,2.8225
"Copenhagen University Observatory","/wiki/Copenhagen_University_Observatory",55.686883,12.575919
"Copenhagen","/wiki/Copenhagen",55.67611,12.56833
"Cordell–Lorenz Observatory","/wiki/Cordell%E2%80%93Lorenz_Observatory",35.20444,-85.92
"Llano de Chajnantor Observatory","/wiki/Llano_de_Chajnantor_Observatory",-23.0228,-67.755
"Chile","/wiki/Chile",-30,-71
"Côte d'Azur Observatory","/wiki/C%C3%B4te_d%27Azur_Observatory",43.72333,7.30167
"Crane Observatory","/wiki/Crane_Observatory",39.035972,-95.698889
"Crawford Observatory","/wiki/Crawford_Observatory",51.89253,-8.49229
"Creighton University Observatory","/wiki/Creighton_University_Observatory",41.266098,-95.9474391
"Crimean Astrophysical Observatory","/wiki/Crimean_Astrophysical_Observatory",44.72667,34.015861
"Nauchnyj","/wiki/Nauchnyj",44.72667,34.015861
"Crni Vrh Observatory","/wiki/%C4%8Crni_Vrh_Observatory",45.94667,14.07361
"Idrija","/wiki/Idrija",46.0013167,14.0221083
"Cupillari Observatory","/wiki/Cupillari_Observatory",41.5965,-75.678
"Custer Observatory","/wiki/Custer_Observatory",41.0519,-72.4345
"David Dunlap Observatory","/wiki/David_Dunlap_Observatory",43.86222,-79.4225
"Daniel S. Schanck Observatory","/wiki/Daniel_S._Schanck_Observatory",40.499361,-74.44528
"Rutgers University","/wiki/Rutgers_University",40.50167,-74.44806
"Dark Sky Observatory","/wiki/Dark_Sky_Observatory",36.2514,-81.4121
"Darling's Observatory","/wiki/Darling%27s_Observatory",46.77972,-92.11306
"Duluth, Minnesota","/wiki/Duluth,_Minnesota",46.7869389,-92.098194
"Dearborn Observatory","/wiki/Dearborn_Observatory",42.0567,-87.675
"Detroit Observatory","/wiki/Detroit_Observatory",42.28167,-83.73167
"David Dunlap Observatory","/wiki/David_Dunlap_Observatory",43.86222,-79.4225
"Richmond Hill, Ontario","/wiki/Richmond_Hill,_Ontario",43.867,-79.433
"Dome C","/wiki/Dome_C",-75.1,123.35
"Antarctica","/wiki/Antarctica",-69.35778,-2.24722
"Dominion Observatory","/wiki/Dominion_Observatory",45.393591,-75.714329
"Dominion Astrophysical Observatory","/wiki/Dominion_Astrophysical_Observatory",48.520286,-123.418147
"Saanich, British Columbia","/wiki/Saanich,_British_Columbia",48.484,-123.381
"Dominion Radio Astrophysical Observatory","/wiki/Dominion_Radio_Astrophysical_Observatory",49.321,-119.624
"Okanagan Falls","/wiki/Okanagan_Falls",49.35,-119.56667
"Dunsink Observatory","/wiki/Dunsink_Observatory",53.387056,-6.337547
"Dyer Observatory","/wiki/Dyer_Observatory",36.05222,-86.805
"Effelsberg 100-m Radio Telescope","/wiki/Effelsberg_100-m_Radio_Telescope",50.5247,6.8828
"Effelsberg 100-m Radio Telescope","/wiki/Effelsberg_100-m_Radio_Telescope",50.5247,6.8828
"Ege University Observatory","/wiki/Ege_University_Observatory",38.39833,27.26833
"Kemalpasa","/wiki/Kemalpa%C5%9Fa",38.42778,27.41611
"Elginfield Observatory","/wiki/Elginfield_Observatory",43.1924,-81.3158
"Middlesex Centre, Ontario","/wiki/Middlesex_Centre,_Ontario",43.05,-81.45
"Sterling Hill Mining Museum","/wiki/Sterling_Hill_Mining_Museum",41.08306,-74.60667
"Embry-Riddle Observatory","/wiki/Embry-Riddle_Observatory",29.188183,-81.048313
"Eskdalemuir Observatory","/wiki/Eskdalemuir_Observatory",55.31222,-3.20611
"European Gravitational Observatory","/wiki/European_Gravitational_Observatory",43.631494,10.501847
"Cascina","/wiki/Cascina",43.683,10.55
"European Southern Observatory","/wiki/European_Southern_Observatory",48.26,11.67111
"La Silla Observatory","/wiki/La_Silla_Observatory",-29.25,-70.73
"New Technology Telescope","/wiki/New_Technology_Telescope",-29.25892,-70.73375
"Llano de Chajnantor Observatory","/wiki/Llano_de_Chajnantor_Observatory",-23.0228,-67.755
"Very Large Telescope","/wiki/Very_Large_Telescope",-24.62733,-70.40417
"Paranal Observatory","/wiki/Paranal_Observatory",-24.62722,-70.40417
"European Extremely Large Telescope","/wiki/European_Extremely_Large_Telescope",-24.5978,-70.1961
"Atacama Desert","/wiki/Atacama_Desert",-24.5,-69.25
"Chile","/wiki/Chile",-30,-71
"Fabra Observatory","/wiki/Fabra_Observatory",41.41833,2.12417
"","/wiki/File:FuertesObservatoryCornell.jpg",42.453012,-76.474153
"","/wiki/File:FuertesObservatoryCornell.jpg",42.453012,-76.474153
"Fuertes Observatory","/wiki/Fuertes_Observatory",42.45278,-76.4744889
"Fabra Observatory","/wiki/Fabra_Observatory",41.41833,2.12417
"Barcelona","/wiki/Barcelona",41.383,2.183
"Fan Mountain Observatory","/wiki/Fan_Mountain_Observatory",37.8781528,-78.6930333
"Five-hundred-meter Aperture Spherical Radio Telescope","/wiki/Five_hundred_meter_Aperture_Spherical_Telescope",25.6532,106.8567
"Félix Aguilar Observatory","/wiki/F%C3%A9lix_Aguilar_Observatory",-31.8023,-69.3265
"Fernbank Observatory","/wiki/Fernbank_Observatory",33.77889,-84.31806
"Fick Observatory","/wiki/Fick_Observatory",42.005611,-93.943944
"Boone, Iowa","/wiki/Boone,_Iowa",42.06111,-93.88611
"Five College Radio Astronomy Observatory","/wiki/Five_College_Radio_Astronomy_Observatory",42.391925,-72.3440972
"New Salem, Massachusetts","/wiki/New_Salem,_Massachusetts",42.50417,-72.3325
"Flarestar Observatory","/wiki/Flarestar_Observatory",35.91028,14.46972
"Foggy Bottom Observatory","/wiki/Foggy_Bottom_Observatory",42.8165095,-75.5325682
"Foothill Observatory","/wiki/Foothill_Observatory",37.363125,-122.1315139
"Ford Observatory","/wiki/Clinton_B._Ford_Observatory",42.4175333,-76.494075
"Fox Observatory","/wiki/Fox_Observatory",26.129306,-80.359917
"Fox Park Public Observatory","/wiki/Fox_Park_Public_Observatory",42.640136,-84.747447
"Francis Marion University Observatory","/wiki/Francis_Marion_University_Observatory",34.185111,-79.651778
"Fred Lawrence Whipple Observatory","/wiki/Fred_Lawrence_Whipple_Observatory",31.6811,-110.878
"Mount Hopkins, Arizona","/wiki/Mount_Hopkins_(Arizona)",31.6884218,-110.8853648
"Fremont Peak Observatory","/wiki/Fremont_Peak_Observatory",36.760222,-121.498722
"Frosty Drew Observatory","/wiki/Frosty_Drew_Observatory",41.36722,-71.66361
"Charlestown, Rhode Island","/wiki/Charlestown,_Rhode_Island",41.38528,-71.66806
"Fuertes Observatory","/wiki/Fuertes_Observatory",42.45278,-76.4744889
"Griffith Observatory","/wiki/Griffith_Observatory",34.11856,-118.30037
"Caltech","/wiki/Caltech",34.138,-118.125
"JPL","/wiki/JPL",34.201694,-118.17167
"Gaocheng Astronomical Observatory","/wiki/Gaocheng_Astronomical_Observatory",34.49611,113.09722
"Dengfeng","/wiki/Dengfeng",34.45528,113.02528
"Henan","/wiki/Henan",33.9,113.5
"Gauribidanur Radio Observatory","/wiki/Gauribidanur_Radio_Observatory",13.6,77.43
"Gemini Observatory","/wiki/Gemini_Observatory",19.82396,-155.46984
"La Serena","/wiki/La_Serena,_Chile",-29.9,-71.25
"Chile","/wiki/Chile",-30,-71
"Giant Meterwave Radio Telescope (GMRT)","/wiki/Giant_Meterwave_Radio_Telescope",19.096517,74.049742
"Gifford Observatory","/wiki/Gifford_Observatory",-41.3051,174.7831
"Girawali Observatory","/wiki/Girawali_Observatory",19.083,73.667
"Glen D. Riley Observatory","/wiki/Glen_D._Riley_Observatory",41.7007,-88.1588
"Godlee Observatory","/wiki/Godlee_Observatory",53.4761444,-2.2326444
"Goodsell Observatory","/wiki/Goodsell_Observatory",44.46194,-93.1525
"Goethe Link Observatory","/wiki/Goethe_Link_Observatory",39.55,-86.395
"Brooklyn, Indiana","/wiki/Brooklyn,_Indiana",39.54139,-86.37
"Goldendale Observatory","/wiki/Goldendale_Observatory_State_Park",45.83889,-120.81528
"Goldendale, Washington","/wiki/Goldendale,_Washington",45.817,-120.817
"Gornergrat (HFSJG)","/wiki/Gornergrat_Infrared_Telescope",45.9834,7.7836
"Gornergrat","/wiki/Gornergrat",45.98333,7.78472
"Gran Telescopio Canarias","/wiki/Gran_Telescopio_Canarias",28.75661,-17.89203
"Canary Islands","/wiki/Canary_Islands",28.1,-15.4
"Grant O. Gale Observatory","/wiki/Grant_O._Gale_Observatory",41.7566694,-92.72
"Green Bank Telescope","/wiki/Green_Bank_Telescope",38.433055555556,-79.839722222222
"Green Bank, West Virginia","/wiki/Green_Bank,_West_Virginia",38.42,-79.83139
"Green Point Observatory","/wiki/Green_Point_Observatory",-34.00181,151.07326
"Grenfell Observatory","/wiki/Grenfell_Campus",48.94009,-57.9322
"Griffith Observatory","/wiki/Griffith_Observatory",34.11856,-118.30037
"Guillermo Haro Observatory","/wiki/Guillermo_Haro_Observatory",31.05278,-110.38472
"Sonora","/wiki/Sonora",29.64611,-110.86889
"Haleakala Observatory","/wiki/Haleakala_Observatory",20.7083,-156.2571
"Maui, Hawaii","/wiki/Maui,_Hawaii",20.8,-156.333
"Hamburg Observatory","/wiki/Hamburg_Observatory",53.48,10.241
"Hat Creek Radio Observatory","/wiki/Hat_Creek_Radio_Observatory",40.8178,-121.473
"Shasta County, California","/wiki/Shasta_County,_California",40.76,-122.04
"Hard Labor Creek Observatory","/wiki/Hard_Labor_Creek_Observatory",33.67111,-83.59389
"Hartung–Boothroyd Observatory","/wiki/Hartung%E2%80%93Boothroyd_Observatory",42.458225,-76.3846083
"Hartebeesthoek Radio Astronomy Observatory","/wiki/Hartebeesthoek_Radio_Astronomy_Observatory",-25.88722,27.68472
"South Africa","/wiki/South_Africa",-30,25
"Harvard College Observatory","/wiki/Harvard_College_Observatory",42.38146,-71.12837
"Cambridge, Massachusetts","/wiki/Cambridge,_Massachusetts",42.37361,-71.11056
"Harvard–Smithsonian Center for Astrophysics","/wiki/Harvard%E2%80%93Smithsonian_Center_for_Astrophysics",42.38146,-71.12837
"Cambridge, Massachusetts","/wiki/Cambridge,_Massachusetts",42.37361,-71.11056
"Haute-Provence Observatory","/wiki/Haute-Provence_Observatory",43.930833333333,5.7133333333333
"Haystack Observatory","/wiki/Haystack_Observatory",42.6233,-71.4882
"Hector J Robinson Observatory","/wiki/Hector_J_Robinson_Observatory",42.24583,-83.18694
"Helmos Observatory","/wiki/Helmos_Observatory",37.9857,22.1983
"Helsinki University Observatory","/wiki/Helsinki_University_Observatory",60.16167,24.955
"Herrett Observatory","/wiki/Herrett_Observatory",42.58389,-114.47028
"Hidden Valley Observatory","/wiki/Hidden_Valley_Observatory",44.10833,-103.2975
"Highland Road Park Observatory","/wiki/Highland_Road_Park_Observatory",30.3460694,-91.0707889
"Hirsch Observatory","/wiki/Hirsch_Observatory",42.72838,-73.68039
"Hobbs Observatory","/wiki/Hobbs_Observatory",44.81583,-91.27167
"Hoher List Observatory","/wiki/Hoher_List_Observatory",50.167,6.85
"Holcomb Observatory and Planetarium","/wiki/Holcomb_Observatory_and_Planetarium",39.84139,-86.17139
"Hong Kong Observatory","/wiki/Hong_Kong_Observatory",22.3025,114.17417
"Tsim Sha Tsui","/wiki/Tsim_Sha_Tsui",22.29389,114.17111
"Hong Kong","/wiki/Hong_Kong",22.3,114.2
"Hopkins Observatory","/wiki/Hopkins_Observatory",42.71167,-73.20167
"Howell Observatory","/wiki/Howell_Observatory",33.464,-88.819
"Hradec Králové Observatory","/wiki/Hradec_Kr%C3%A1lov%C3%A9_Observatory",50.17722,15.83917
"Huairou Solar Observing Station","/wiki/Huairou_Solar_Observing_Station",40.31583,116.59444
"Beijing","/wiki/Beijing",39.917,116.383
"Hyde Memorial Observatory","/wiki/Hyde_Memorial_Observatory",40.7778167,-96.636225
"Isaac Newton Group of Telescopes","/wiki/Isaac_Newton_Group_of_Telescopes",28.762055555556,-17.877638888889
"Dutch Open Telescope","/wiki/Dutch_Open_Telescope",28.759642,-17.881322
"Carlsberg Meridian Telescope","/wiki/Carlsberg_Meridian_Telescope",28.75999,-17.88243
"Swedish 1-m Solar Telescope","/wiki/Swedish_Solar_Telescope",28.7597333,-17.8807361
"IceCube Neutrino Observatory","/wiki/IceCube_Neutrino_Observatory",-89.99,-63.45306
"Amundsen–Scott South Pole Station","/wiki/Amundsen%E2%80%93Scott_South_Pole_Station",-90,0
"Indian Astronomical Observatory","/wiki/Indian_Astronomical_Observatory",32.77944,78.96417
"Hanle","/wiki/Hanle_(village)",32.79,79
"Canary Islands","/wiki/Canary_Islands",28.1,-15.4
"Innsbruck Observatory","/wiki/Innsbruck_Observatory",47.2642,11.3425
"IRAM 30m telescope","/wiki/IRAM_30m_telescope",37.066161,-3.392719
"Pico Veleta","/wiki/Veleta_(Sierra_Nevada)",37.05667,-3.36583
"Plateau de Bure Interferometer","/wiki/Plateau_de_Bure_Interferometer",44.63389,5.90792
"Iranian National Observatory","/wiki/Iranian_National_Observatory",33.6739,51.3186
"Isaac Newton Group of Telescopes","/wiki/Isaac_Newton_Group_of_Telescopes",28.762055555556,-17.877638888889
"La Palma","/wiki/La_Palma",28.667,-17.867
"Iso-Heikkilä Observatory","/wiki/Iso-Heikkil%C3%A4_Observatory",60.45205,22.2298
"Istanbul University Observatory","/wiki/Istanbul_University_Observatory",41.0125,28.96556
"","/wiki/File:Jantar_Mantar_at_Jaipur.jpg",26.9247,75.8248
"","/wiki/File:Jantar_Mantar_at_Jaipur.jpg",26.9247,75.8248
"Jantar Mantar","/wiki/Jantar_Mantar_(Jaipur)",26.9247,75.825
"Jaipur","/wiki/Jaipur",26.9,75.8
"Jack C. Davis Observatory","/wiki/Jack_C._Davis_Observatory",39.1857,-119.7964
"James Clerk Maxwell Telescope","/wiki/James_Clerk_Maxwell_Telescope",19.8228,-155.477
"Mauna Kea","/wiki/Mauna_Kea",19.820664075,-155.468066397
"Hawaii","/wiki/Hawaii",21.31139,-157.79639
"James Wylie Shepherd Observatory","/wiki/University_of_Montevallo#The_James_Wylie_Shepherd_Observatory",33.10378,-86.86497
"Jakarta Observatory","/wiki/Jakarta_Planetarium",-6.189742,106.839431
"Jantar Mantar","/wiki/Jantar_Mantar_(Jaipur)",26.9247,75.825
"Jaipur","/wiki/Jaipur",26.9,75.8
"Jena Observatory","/wiki/Jena_Observatory",50.92528,11.58306
"Jewett Observatory","/wiki/Jewett_Observatory",46.7286,-117.153
"Jodrell Bank Observatory","/wiki/Jodrell_Bank_Observatory",53.23625,-2.3071388888889
"Jones Observatory","/wiki/Jones_Observatory",35.0175,-85.2353
"Judson B. Coit Observatory","/wiki/Judson_B._Coit_Observatory",42.35025,-71.1053722
"McMath–Pierce Solar Telescope","/wiki/McMath%E2%80%93Pierce_Solar_Telescope",31.9584,-111.595
"Kitt Peak National Observatory","/wiki/Kitt_Peak_National_Observatory",31.9583,-111.5967
"KAIRA","/wiki/KAIRA",69.070745,20.762076
"Tabriz University","/wiki/Tabriz_University",38.06361,46.32861
"Tabriz","/wiki/Tabriz",38.067,46.3
"Kamioka Observatory","/wiki/Kamioka_Observatory",36.4267,137.3117
"Hida","/wiki/Hida,_Gifu",36.233,137.183
"Gifu","/wiki/Gifu,_Gifu",35.417,136.767
"Kanzelhoehe Solar Observatory","/wiki/Kanzelhoehe_Solar_Observatory",46.67833,13.90667
"Karl Schwarzschild Observatory","/wiki/Karl_Schwarzschild_Observatory",50.980111,11.711167
"Keck Observatory","/wiki/Keck_Observatory",19.82636,-155.47501
"Mauna Kea","/wiki/Mauna_Kea",19.820664075,-155.468066397
"Hawaii","/wiki/Hawaii",21.31139,-157.79639
"Keeble Observatory","/wiki/Keeble_Observatory",37.762389,-77.475389
"Keele University","/wiki/Keele_University",53.003,-2.273
"Kennon Observatory","/wiki/Kennon_Observatory",34.36425,-89.536444
"Oxford, Mississippi","/wiki/Oxford,_Mississippi",34.35972,-89.52611
"Kevola Observatory","/wiki/Kevola_Observatory",60.42,22.765
"Kielder Observatory","/wiki/Kielder_Observatory",55.23194,-2.61625
"Kielder Forest","/wiki/Kielder_Forest",55.208,-2.528
"Kirkwood Observatory","/wiki/Kirkwood_Observatory",39.16583,-86.52611
"Bloomington, Indiana","/wiki/Bloomington,_Indiana",39.16222,-86.52917
"Kitami Observatory","/wiki/Kitami_Observatory",43.8182,143.9037
"Kitt Peak National Observatory","/wiki/Kitt_Peak_National_Observatory",31.9583,-111.5967
"Tucson, Arizona","/wiki/Tucson,_Arizona",32.22167,-110.92639
"Klet Observatory","/wiki/Kle%C5%A5_Observatory",48.8636,14.2844
"Kodaikanal Solar Observatory","/wiki/Kodaikanal_Solar_Observatory",10.23222,77.46472
"Konkoly Observatory","/wiki/Konkoly_Observatory",47.5,18.965
"Kopernik Observatory & Science Center","/wiki/Kopernik_Observatory_%26_Science_Center",42.002129,-76.033467
"Vestal, New York","/wiki/Vestal,_New_York",42.08444,-76.05333
"KOSMA observatory","/wiki/KOSMA",45.98444,7.78583
"Gornergrat","/wiki/Gornergrat",45.98333,7.78472
"Kuffner observatory","/wiki/Kuffner_observatory",48.2125,16.29111
"Kuiper Airborne Observatory","/wiki/Kuiper_Airborne_Observatory",37.4214649,-122.047412
"Kvistaberg Observatory","/wiki/Kvistaberg_Observatory",59.50167,17.60667
"Kyung Hee Observatory","/wiki/Kyung_Hee_Observatory",37.23861,127.08222
"Lowell Observatory","/wiki/Lowell_Observatory",35.20278,-111.66444
"Observatorio de La Cañada","/wiki/Observatorio_de_La_Ca%C3%B1ada",40.603917,-4.49315
"Ladd Observatory","/wiki/Ladd_Observatory",41.83889,-71.39917
"Providence, Rhode Island","/wiki/Providence,_Rhode_Island",41.82361,-71.42222
"Lake Afton Public Observatory","/wiki/Lake_Afton_Public_Observatory",37.6222,-97.6269
"Lamont–Hussey Observatory","/wiki/Lamont%E2%80%93Hussey_Observatory",-29.0966,26.2362
"South Africa","/wiki/South_Africa",-30,25
"Landessternwarte Heidelberg-Königstuhl","/wiki/Landessternwarte_Heidelberg-K%C3%B6nigstuhl",49.3981,8.7253417
"Königstuhl","/wiki/K%C3%B6nigstuhl_(Odenwald)",49.39806,8.72611
"La Plata Astronomical Observatory","/wiki/La_Plata_Astronomical_Observatory",-34.908325,-57.9333194
"La Plata","/wiki/La_Plata",-34.92111,-57.95444
"Argentina","/wiki/Argentina",-34,-64
"La Silla Observatory","/wiki/La_Silla_Observatory",-29.25,-70.73
"Atacama Desert","/wiki/Atacama_Desert",-24.5,-69.25
"Chile","/wiki/Chile",-30,-71
"Large Millimeter Telescope","/wiki/Large_Millimeter_Telescope",18.985833333333,-97.314722222222
"Las Brisas Observatory","/wiki/Las_Brisas_Observatory",38.8767,-105.2775
"Las Campanas Observatory","/wiki/Las_Campanas_Observatory",-29.0146,-70.6926
"La Serena, Chile","/wiki/La_Serena,_Chile",-29.9,-71.25
"Las Cumbres Observatory Global Telescope","/wiki/Las_Cumbres_Observatory_Global_Telescope",34.4327,-119.863
"Laws Observatory","/wiki/Laws_Observatory",38.9438,-92.3228
"Leander McCormick Observatory","/wiki/Leander_McCormick_Observatory",38.032833,-78.522333
"Mount Jefferson","/wiki/Mount_Jefferson_(Virginia)",38.03278,-78.52222
"Charlottesville","/wiki/Charlottesville,_Virginia",38.03,-78.47889
"Lee Observatory","/wiki/Lee_Observatory",33.9005444,35.4798028
"Leiden Observatory","/wiki/Leiden_Observatory",52.155,4.485
"Leiden University","/wiki/Leiden_University",52.156071,4.486949
"Leiden","/wiki/Leiden",52.167,4.483
"Leoncito Astronomical Complex","/wiki/Leoncito_Astronomical_Complex",-31.7986,-69.2956
"Argentina","/wiki/Argentina",-34,-64
"Levenhagen Observatory","/wiki/Levenhagen_Observatory",47.43556,-122.27722
"Lick Observatory","/wiki/Lick_Observatory",37.341388888889,-121.64277777778
"Mount Hamilton","/wiki/Mount_Hamilton_(California)",37.341722,-121.642833
"San Jose, California","/wiki/San_Jose,_California",37.333,-121.9
"LightBuckets","/wiki/LightBuckets",31.86083,-109.01556
"LIGO","/wiki/LIGO",46.4551444,-119.4076556
"Hanford Site","/wiki/Hanford_Site",46.6475,-119.59861
"Livingston Louisiana","/wiki/Livingston,_Louisiana",30.49861,-90.74833
"Lindheimer Astrophysical Research Center","/wiki/Lindheimer_Astrophysical_Research_Center",42.0595139,-87.670425
"Llano de Chajnantor Observatory","/wiki/Llano_de_Chajnantor_Observatory",-23.0228,-67.755
"Atacama Desert","/wiki/Atacama_Desert",-24.5,-69.25
"Chile","/wiki/Chile",-30,-71
"Llano del Hato National Astronomical Observatory","/wiki/Llano_del_Hato_National_Astronomical_Observatory",8.78639,-70.87189
"Lockyer Technology Centre","/wiki/Lockyer_Observatory_and_Planetarium",50.68803,-3.219835
"Sidmouth","/wiki/Sidmouth",50.68,-3.239
"Long Wavelength Array","/wiki/Long_Wavelength_Array",34.07,-107.63
"Socorro, New Mexico","/wiki/Socorro,_New_Mexico",34.06167,-106.89944
"Lowell Observatory","/wiki/Lowell_Observatory",35.20278,-111.66444
"Anderson Mesa Station","/wiki/Anderson_Mesa_Station",35.09694,-111.53583
"Flagstaff, Arizona","/wiki/Flagstaff,_Arizona",35.19917,-111.63111
"Lulin Observatory","/wiki/Lulin_Observatory",23.46861,120.87361
"Lund Observatory","/wiki/Lund_Observatory",55.69958,13.18785
"Lund","/wiki/Lund",55.70389,13.195
"Yunnan","/wiki/Yunnan",25.05,101.867
"Lyon Observatory","/wiki/Lyon_Observatory",45.69472,4.7825
"Saint-Genis-Laval","/wiki/Saint-Genis-Laval",45.696,4.793
"Hooker Telescope","/wiki/Hooker_Telescope",34.22,-118.07
"Mount Wilson Observatory","/wiki/Mount_Wilson_Observatory",34.22,-118.07
"Malakoff Tower","/wiki/Malakoff_Tower",-8.0608,-34.8708
"Macalester College Observatory","/wiki/Macalester_College_Observatory",44.9364444,-93.1695833
"Magdalena Ridge Observatory","/wiki/Magdalena_Ridge_Observatory",33.97667,-107.18472
"Socorro County, New Mexico","/wiki/Socorro_County,_New_Mexico",34.02,-106.93
"Malakoff Tower","/wiki/Malakoff_Tower",-8.0608,-34.8708
"Recife","/wiki/Recife",-8.05,-34.9
"Manastash Ridge Observatory","/wiki/Manastash_Ridge_Observatory",46.9511,-120.7245
"Maragheh Observatory","/wiki/Maragheh_observatory",37.3960778,46.2091583
"Maragheh","/wiki/Maragheh",37.38917,46.2375
"Margaret M. Jacoby Observatory","/wiki/Margaret_M._Jacoby_Observatory",41.71444,-71.4825
"Warwick, Rhode Island","/wiki/Warwick,_Rhode_Island",41.717,-71.417
"Maria Mitchell Observatory","/wiki/Maria_Mitchell_Observatory",41.28,-70.105
"Marina Towers Observatory","/wiki/Marina_Towers_Observatory",51.614,-3.93667
"Markree Observatory","/wiki/Markree_Observatory",54.174286,-8.46147
"Marseille Observatory","/wiki/Marseille_Observatory",43.30889,5.38583
"Marseille","/wiki/Marseille",43.2964,5.37
"Martz Observatory","/wiki/Martz_Observatory",42.00861,-79.06667
"Mauna Kea Observatory","/wiki/Mauna_Kea_Observatory",19.82444,-155.47333
"Mauna Kea","/wiki/Mauna_Kea",19.820664075,-155.468066397
"Hawaii","/wiki/Hawaii",21.31139,-157.79639
"Mauna Loa Solar Observatory","/wiki/Mauna_Loa_Solar_Observatory",19.536,-155.576
"Hawaii","/wiki/Hawaii",21.31139,-157.79639
"Maynard F. Jordan Observatory","/wiki/Maynard_F._Jordan_Observatory",44.89889,-68.6675
"Orono, Maine","/wiki/Orono,_Maine",44.883,-68.672
"McDonald Observatory","/wiki/McDonald_Observatory",30.6714,-104.022
"Davis Mountains","/wiki/Davis_Mountains",30.633,-104.167
"McKim Observatory","/wiki/McKim_Observatory",39.64556,-86.85222
"Greencastle","/wiki/Greencastle,_Indiana",39.64222,-86.85611
"McMath–Hulbert Solar Observatory","/wiki/McMath%E2%80%93Hulbert_Solar_Observatory",42.697648,-83.319175
"MDM Observatory","/wiki/MDM_Observatory",31.95167,-111.61583
"Kitt Peak","/wiki/Kitt_Peak",31.964919231,-111.599279136
"Mead Observatory","/wiki/Mead_Observatory",32.45972,-84.99556
"Medicina Radio Observatory","/wiki/Medicina_Radio_Observatory",44.5208,11.6469
"Medicina","/wiki/Medicina",44.483,11.633
"Mees Observatory","/wiki/Mees_Observatory",42.700278,-77.4087667
"Mehalso Observatory","/wiki/Mehalso_Observatory",42.118417,-79.9875
"Melbourne Observatory","/wiki/Melbourne_Observatory",-37.8297,144.975
"Melbourne","/wiki/Melbourne,_Victoria",-37.81361,144.96306
"Melton Memorial Observatory","/wiki/Melton_Memorial_Observatory",33.9975,-81.02639
"Mendenhall Observatory","/wiki/Mendenhall_Observatory",36.070472,-97.193833
"Menke Observatory","/wiki/Menke_Observatory",41.77194,-90.794306
"Metsähovi Observatory","/wiki/Mets%C3%A4hovi_Observatory",60.2181,24.3939
"Meudon Observatory","/wiki/Meudon_Observatory",48.8364389,2.3365056
"Meudon","/wiki/Meudon",48.8075,2.2403
"Meyer–Womble Observatory","/wiki/Meyer%E2%80%93Womble_Observatory",39.587,-105.6409
"Mount Evans, Colorado","/wiki/Mount_Evans,_Colorado",39.5883155,-105.6438064
"Michigan State University Observatory","/wiki/Michigan_State_University_Observatory",42.70639,-84.48222
"East Lansing","/wiki/East_Lansing,_Michigan",42.7348,-84.4808
"Pic du Midi Observatory","/wiki/Pic_du_Midi_Observatory",42.93639,0.14278
"Toulouse Observatory","/wiki/Toulouse_Observatory",43.61233,1.46278
"Miller Observatory","/wiki/Miller_Observatory",35.57577,-81.20614
"Mills Observatory","/wiki/Mills_Observatory",56.4649806,-3.012575
"Balgay Hills","/wiki/Balgay",56.46606,-3.017575
"Dundee","/wiki/Dundee",56.462,-2.9707
"MMT Observatory","/wiki/MMT_Observatory",31.6883,-110.885
"Mount Hopkins, Arizona","/wiki/Mount_Hopkins_(Arizona)",31.6884218,-110.8853648
"Modra Observatory","/wiki/Modra_Observatory",48.373273,17.274021
"Modra","/wiki/Modra",48.33167,17.30889
"Moletai Astronomical Observatory","/wiki/Moletai_Astronomical_Observatory",55.315972,25.56333
"Moletai","/wiki/Moletai",55.233,25.417
"Lithuania","/wiki/Lithuania",54.683,25.317
"Molonglo Observatory Synthesis Telescope","/wiki/Molonglo_Observatory_Synthesis_Telescope",-35.3707,149.424
"Mont Mégantic Observatory","/wiki/Mont_M%C3%A9gantic_Observatory",45.4558,-71.1525
"Mont Mégantic","/wiki/Mont_M%C3%A9gantic",45.455683,-71.1521
"Québec","/wiki/Qu%C3%A9bec",53,-70
"Monterey Institute for Research in Astronomy","/wiki/Monterey_Institute_for_Research_in_Astronomy",36.6609,-121.8087
"Montevideo","/wiki/Montevideo",-34.88361,-56.18194
"Moore Observatory","/wiki/Moore_Observatory",38.34444,-85.52889
"Morgan–Monroe Observatory","/wiki/Morgan%E2%80%93Monroe_Observatory",39.31361,-86.43444
"Morgan–Monroe State Forest","/wiki/Morgan%E2%80%93Monroe_State_Forest",39.32111,-86.41333
"Morris Observatory","/wiki/Morris_Observatory",41.013167,-85.757806
"Morrison Observatory","/wiki/Morrison_Observatory",39.1,-92.4
"Mount Stony Brook Observatory","/wiki/Mount_Stony_Brook_Observatory",40.91476,-73.12568
"Mounds Observatory","/wiki/Mounds_Observatory",35.831233,-96.146
"Mount Abu InfraRed Observatory","/wiki/Mount_Abu_InfraRed_Observatory",24.6548167,72.7792167
"Mount Burnett Observatory","/wiki/Mount_Burnett_Observatory",-37.9727,145.4954
"Mount Burnett","/wiki/Mount_Burnett,_Victoria",-37.983,145.5
"Mount Cuba Astronomical Observatory","/wiki/Mount_Cuba_Astronomical_Observatory",39.785,-75.63333
"Mount Graham International Observatory","/wiki/Mount_Graham_International_Observatory",32.7013028,-109.8920139
"Mount Graham","/wiki/Mount_Graham",32.701657806,-109.871391036
"Mount John University Observatory","/wiki/Mount_John_University_Observatory",-43.9867,170.465
"Lake Tekapo","/wiki/Lake_Tekapo",-43.883,170.517
"Mount Laguna Observatory","/wiki/Mount_Laguna_Observatory",32.8424,-116.428
"San Diego, California","/wiki/San_Diego,_California",32.715,-117.1625
"Mount Lemmon Observatory","/wiki/Mount_Lemmon_Observatory",32.442,-110.7893
"Tucson, Arizona","/wiki/Tucson,_Arizona",32.22167,-110.92639
"Mount Pleasant Radio Observatory","/wiki/Mount_Pleasant_Radio_Observatory",-42.805,147.439
"Mount Stromlo Observatory","/wiki/Mount_Stromlo_Observatory",-35.320277777778,149.00694444444
"Canberra","/wiki/Canberra",-35.3075,149.124417
"Mount Suhora Observatory","/wiki/Mount_Suhora_Observatory",49.56917,20.0675
"Mount Wilson Observatory","/wiki/Mount_Wilson_Observatory",34.22,-118.07
"Mount Wilson","/wiki/Mount_Wilson_(California)",34.223759025,-118.061644914
"Los Angeles County, California","/wiki/Los_Angeles_County,_California",34.05,-118.25
"Mountain Skies Observatory","/wiki/Mountain_Skies_Observatory",41.328,-110.292
"Mullard Radio Astronomy Observatory","/wiki/Mullard_Radio_Astronomy_Observatory",52.1674,0.0326
"Cambridge","/wiki/Cambridge",52.205,0.119
"Murchison Radio-astronomy Observatory","/wiki/Murchison_Radio-astronomy_Observatory",-26.7042,116.659
"Nice Observatory","/wiki/Nice_Observatory",43.72744,7.29907
"Nachi-Katsuura Observatory","/wiki/Nachi-Katsuura_Observatory",33.61,135.92472
"Nançay Radio Telescope","/wiki/Nan%C3%A7ay_Radio_Telescope",47.3708,2.1972
"Nanjing","/wiki/Nanjing",32.05,118.767
"Jiangsu","/wiki/Jiangsu",32.9,119.8
"National Astronomical Observatory of Japan","/wiki/National_Astronomical_Observatory_of_Japan",35.6752172,139.5380831
"Mitaka, Tokyo","/wiki/Mitaka,_Tokyo",35.683556,139.559528
"National Astronomical Observatory (Mexico)","/wiki/National_Astronomical_Observatory_(Mexico)",31.0439,-115.4637
"Sierra San Pedro Mártir","/wiki/Sierra_San_Pedro_M%C3%A1rtir",30.75,-115.217
"National Observatory (Brazil)","/wiki/National_Observatory_(Brazil)",-22.8953,-43.2246
"National Observatory of Athens","/wiki/National_Observatory_of_Athens",37.973389,23.718222
"Athens","/wiki/Athens",37.983972,23.727806
"Cerro Tololo Inter-American Observatory","/wiki/Cerro_Tololo_Inter-American_Observatory",-30.1696611,-70.806525
"Gemini Observatory","/wiki/Gemini_Observatory",19.82396,-155.46984
"Kitt Peak National Observatory","/wiki/Kitt_Peak_National_Observatory",31.9583,-111.5967
"National Solar Observatory","/wiki/National_Solar_Observatory",40.0117201,-105.2454644
"Tucson, Arizona","/wiki/Tucson,_Arizona",32.22167,-110.92639
"National Optical Observatory","/wiki/National_Optical_Observatory",36.82417,30.33556
"Atacama Large Millimeter Array","/wiki/Atacama_Large_Millimeter_Array",-23.0193,-67.7532
"Green Bank Telescope","/wiki/Green_Bank_Telescope",38.433055555556,-79.839722222222
"Very Large Array","/wiki/Very_Large_Array",34.0787492,-107.6177275
"Very Long Baseline Array","/wiki/Very_Long_Baseline_Array",34.07883,-107.61831
"Charlottesville, Virginia","/wiki/Charlottesville,_Virginia",38.03,-78.47889
"Helwan","/wiki/Helwan",29.85,31.333
"National Solar Observatory","/wiki/National_Solar_Observatory",40.0117201,-105.2454644
"Sunspot, New Mexico","/wiki/Sunspot,_New_Mexico",32.791,-105.818
"Kitt Peak","/wiki/Kitt_Peak",31.964919231,-111.599279136
"Naylor Observatory","/wiki/Naylor_Observatory",40.1469,-76.8989
"Neuchâtel Observatory","/wiki/Neuch%C3%A2tel_Observatory",47,6.9529
"Neuchâtel","/wiki/Neuch%C3%A2tel",47,6.933
"Nice Observatory","/wiki/Nice_Observatory",43.72744,7.29907
"Nice, France","/wiki/Nice,_France",43.7034,7.2663
"Nizamia Observatory","/wiki/Nizamia_observatory",17.43167,78.4525
"Hyderabad","/wiki/Hyderabad",17.37,78.48
"Norman Lockyer Observatory","/wiki/Lockyer_Observatory_and_Planetarium",50.68803,-3.219835
"Sidmouth","/wiki/Sidmouth",50.68,-3.239
"Nordic Optical Telescope","/wiki/Nordic_Optical_Telescope",28.757222222222,-17.885
"Canary Islands","/wiki/Canary_Islands",28.1,-15.4
"Flagstaff, AZ","/wiki/Flagstaff,_AZ",35.19917,-111.63111
"London","/wiki/London",51.50722,-0.1275
"London","/wiki/London",51.50722,-0.1275
"North Georgia Astronomical Observatory","/wiki/North_Georgia_Astronomical_Observatory",34.52083,-84.05389
"North Otago Astronomical Society Observatory","/wiki/North_Otago_Astronomical_Society_Observatory",-45.091482,170.95801
"Nyrölä Observatory","/wiki/Nyr%C3%B6l%C3%A4_Observatory",62.34222,25.51306
"Córdoba","/wiki/C%C3%B3rdoba,_Argentina",-31.417,-64.183
"Aras de los Olmos","/wiki/Aras_de_los_Olmos",39.92556,-1.13361
"O'Brien Observatory","/wiki/O%27Brien_Observatory",45.1815,-92.7757
"Sonora","/wiki/Sonora",29.64611,-110.86889
"Oil Region Astronomical Observatory","/wiki/Oil_Region_Astronomical_Observatory",41.47028,-79.78361
"Venango County","/wiki/Venango_County,_Pennsylvania",41.4,-79.76
"Ondokuz Mayis University Observatory","/wiki/Ondokuz_May%C4%B1s_University_Observatory",41.36833,36.20083
"Ondrejov Observatory","/wiki/Ond%C5%99ejov_Observatory",49.915175,14.780994
"Ondrejov","/wiki/Ond%C5%99ejov_(Prague-East_District)",49.905,14.782
"Onsala Space Observatory","/wiki/Onsala_Space_Observatory",57.393055555556,11.917777777778
"Onsala","/wiki/Onsala",57.41472,12.0225
"Ooty Radio Telescope","/wiki/Ooty_Radio_Telescope",11.383404,76.66616
"Ooty","/wiki/Ooty",11.41,76.7
"Orchard Hill Observatory","/wiki/Orchard_Hill_Observatory",42.3940611,-72.5215639
"Orioloromano Observatory","/wiki/Orioloromano_Observatory",42.169528,12.138
"Otter Creek Observatory","/wiki/Otter_Creek_Observatory",38.07307,-86.016362
"Oulu","/wiki/Oulu",65.017,25.467
"Owens Valley Radio Observatory","/wiki/Owens_Valley_Radio_Observatory",37.2339,-118.282
"Perth Observatory","/wiki/Perth_Observatory",-32.00778,116.13528
"Pachmarhi Array of Cerenkov Telescopes (PACT)","/wiki/Pachmarhi_Telescope_Array",22.46667,76.43333
"Palisades-Dows Observatory","/wiki/Palisades-Dows_Observatory",41.889333,-91.500167
"Palomar Observatory","/wiki/Palomar_Observatory",33.3558,-116.865
"Palomar Mountain","/wiki/Palomar_Mountain",33.363483514,-116.836394236
"Panzano Observatory","/wiki/Panzano_Observatory",44.6211,11.0417
"Paranal Observatory","/wiki/Paranal_Observatory",-24.62722,-70.40417
"Cerro Paranal","/wiki/Cerro_Paranal",-24.62722,-70.40472
"Atacama desert","/wiki/Atacama_desert",-24.5,-69.25
"Chile","/wiki/Chile",-30,-71
"Paris Observatory","/wiki/Paris_Observatory",48.8364389,2.3365056
"Parkes Observatory","/wiki/Parkes_Observatory",-32.99994,148.26231
"Parkes","/wiki/Parkes,_New_South_Wales",-33.13333,148.16667
"Paul Robinson Observatory","/wiki/Paul_Robinson_Observatory",40.6818,-74.8981
"High Bridge, New Jersey","/wiki/High_Bridge,_New_Jersey",40.669591,-74.890548
"Peach Mountain Observatory","/wiki/Peach_Mountain_Observatory",42.3988,-83.9355
"Perkins Observatory","/wiki/Perkins_Observatory",40.251036,-83.055825
"Delaware, Ohio","/wiki/Delaware,_Ohio",40.29889,-83.07194
"Perth Observatory","/wiki/Perth_Observatory",-32.00778,116.13528
"Pic du Midi Observatory","/wiki/Pic_du_Midi_de_Bigorre",42.93639,0.14278
"Pic du Midi","/wiki/Pic_du_Midi_de_Bigorre",42.93639,0.14278
"Pico dos Dias Observatory","/wiki/Pico_dos_Dias_Observatory",-22.5344,-45.5825
"Piera Observatory","/wiki/Piera_Observatory",41.5215,1.7553
"Barcelona","/wiki/Barcelona",41.383,2.183
"Pierre Auger Observatory","/wiki/Pierre_Auger_Observatory",-35.20667,-69.31583
"Malargüe","/wiki/Malarg%C3%BCe",-35.475,-69.583
"Pine Bluff Observatory","/wiki/Pine_Bluff_Observatory",43.0777,-89.6717
"Cross Plains, Wisconsin","/wiki/Cross_Plains_(town),_Wisconsin",43.07917,-89.66278
"Pine Mountain Observatory","/wiki/Pine_Mountain_Observatory",43.7915,-120.9408
"Bend, Oregon","/wiki/Bend,_Oregon",44.05,-121.3
"Pistoia Mountains Astronomical Observatory","/wiki/Pistoia_Mountains_Astronomical_Observatory",44.06306,10.80417
"San Marcello Pistoiese","/wiki/San_Marcello_Pistoiese",44.05,10.8
"Portage Lake Observatory","/wiki/Portage_Lake_Observatory",42.4035,-83.9245
"Poznan Observatory","/wiki/Pozna%C5%84_Observatory",52.3944,16.8745
"Pulkovo Observatory","/wiki/Pulkovo_Observatory",59.77167,30.32611
"Pulkovskiye Heights","/wiki/Pulkovskiye_Heights",59.771811,30.326047
"Purple Mountain Observatory","/wiki/Purple_Mountain_Observatory",32.067,118.817
"Nanjing","/wiki/Nanjing",32.05,118.767
"Jiangsu","/wiki/Jiangsu",32.9,119.8
"","/wiki/File:Antique_Telescope_at_the_Quito_Astronomical_Observatory_002.JPG",-0.214908,-78.502572
"","/wiki/File:Antique_Telescope_at_the_Quito_Astronomical_Observatory_002.JPG",-0.214908,-78.502572
"Quito Astronomical Observatory","/wiki/Quito_Astronomical_Observatory",-0.214886,-78.502555
"National Polytechnic School","/wiki/National_Polytechnic_School",-0.21056,-78.48889
"Quito Astronomical Observatory","/wiki/Quito_Astronomical_Observatory",-0.214886,-78.502555
"La Alameda Park, Quito","/wiki/La_Alameda_Park,_Quito",-0.2149,-78.5026
"Ecuador","/wiki/Ecuador",-2,-77.5
"Royal Greenwich Observatory","/wiki/Royal_Greenwich_Observatory",51.4778,-0.0014
"Radcliffe Observatory","/wiki/Radcliffe_Observatory",51.7608,-1.2639
"South Africa","/wiki/South_Africa",-30,25
"Rainwater Observatory","/wiki/Rainwater_Observatory",33.28725,-89.385139
"French Camp, Mississippi","/wiki/French_Camp,_Mississippi",33.29389,-89.40028
"Ralph A. Worley Observatory","/wiki/Ralph_A._Worley_Observatory",32.3197528,-93.6215083
"Appalachian State University","/wiki/Appalachian_State_University",36.213843,-81.678621
"Rattlesnake Mountain Observatory","/wiki/Rattlesnake_Mountain_Observatory",46.40556,-119.61056
"Hanford Reach National Monument","/wiki/Hanford_Reach_National_Monument",46.58333,-119.51667
"Washington","/wiki/Washington_(state)",47.5,-120.5
"Red Barn Observatory","/wiki/Red_Barn_Observatory",31.3879833,-83.6519861
"Red Buttes Observatory","/wiki/Red_Buttes_Observatory",41.17639,-105.57389
"Riley Observatory","/wiki/Riley_Observatory",41.7007,-88.1588
"RIT Observatory","/wiki/RIT_Observatory",43.0758,-77.6647
"Ritter Observatory","/wiki/Ritter_Observatory",41.6624,-83.6123
"Robert Brownlee Observatory","/wiki/Robert_Brownlee_Observatory",34.23083,-117.20972
"Robinson Observatory","/wiki/Robinson_Observatory",28.59175,-81.19062
"Robotic Lunar Observatory","/wiki/Robotic_Lunar_Observatory",35.2148,-111.6344
"Flagstaff, Arizona","/wiki/Flagstaff,_Arizona",35.19917,-111.63111
"Rogers Observatory","/wiki/Rogers_Observatory",44.70667,-85.77556
"Rolnick Observatory","/wiki/Rolnick_Observatory",41.17111,-73.3305
"Westport, Connecticut","/wiki/Westport,_Connecticut",41.12333,-73.34694
"Rome Observatory","/wiki/Rome_Observatory",41.92167,12.45167
"Rothney Astrophysical Observatory","/wiki/Rothney_Astrophysical_Observatory",50.8684,-114.291
"Royal Observatory, Greenwich","/wiki/Royal_Observatory,_Greenwich",51.4778,-0.0014
"Greenwich","/wiki/Greenwich",51.48,0
"Royal Observatory, Edinburgh","/wiki/Royal_Observatory,_Edinburgh",55.92306,-3.18778
"Roque de los Muchachos Observatory","/wiki/Roque_de_los_Muchachos_Observatory",28.7636,-17.8947
"La Palma","/wiki/La_Palma",28.667,-17.867
"Canary Islands","/wiki/Canary_Islands",28.1,-15.4
"Rosemary Hill Observatory","/wiki/Rosemary_Hill_Observatory",29.4001,-82.5862
"Rozhen Observatory","/wiki/Rozhen_Observatory",41.6925,24.73806
"Rutherford Observatory","/wiki/Rutherford_Observatory",40.81,-73.9614
"Stockholm Observatory","/wiki/Stockholm_Observatory",59.34167,18.05472
"Strasbourg Observatory","/wiki/Observatory_of_Strasbourg",48.58333,7.76806
"Sankt Andreasberg Observatory","/wiki/Sankt_Andreasberg_Observatory",51.73184,10.52605
"Irkutsk","/wiki/Irkutsk",52.283,104.283
"SFA Observatory","/wiki/SFA_Observatory",31.7599,-94.661
"Sagamore Hill Radio Observatory","/wiki/Sagamore_Hill_Radio_Observatory",42.6323,-70.8201
"Shattuck Observatory","/wiki/Shattuck_Observatory",43.705,-72.28528
"Shamakhi Astrophysical Observatory","/wiki/Shamakhi_Astrophysical_Observatory",40.77222,48.58444
"Shamakhi","/wiki/Shamakhi",40.63028,48.64139
"Azerbaijan","/wiki/Azerbaijan",40.417,49.833
"Shanghai Astronomical Observatory","/wiki/Shanghai_Astronomical_Observatory",31.19028,121.42944
"Sherzer Observatory","/wiki/Sherzer_Observatory",42.155,-83.372856
"Siding Spring Observatory","/wiki/Siding_Spring_Observatory",-31.27333,149.06444
"Siding Spring","/wiki/Siding_Spring_Observatory",-31.27333,149.06444
"Sidmouth Observatory","/wiki/Lockyer_Observatory_and_Planetarium",50.68803,-3.219835
"Sidmouth","/wiki/Sidmouth",50.68,-3.239
"Sierra Nevada Observatory","/wiki/Sierra_Nevada_Observatory",37.064219,-3.3847
"Sierra Nevada","/wiki/Sierra_Nevada,_Spain",37.05,-3.3
"Silesian Planetarium and Astronomical Observatory","/wiki/Silesian_Planetarium",50.2904694,18.9914694
"Chorzów","/wiki/Chorz%C3%B3w",50.3,18.95
"Simeiz Observatory","/wiki/Simeiz_Observatory",44.4180389,33.9974
"Simeiz","/wiki/Simeiz",44.40583,33.99
"Skalnaté Pleso Observatory","/wiki/Skalnat%C3%A9_Pleso_Observatory",49.1893805556,20.2338194444
"Slovakia","/wiki/Slovakia",48.667,19.5
"Greece","/wiki/Greece",37.967,23.717
"Smith Observatory","/wiki/Smith_Observatory",42.505,-89.03167
"Smithsonian Astrophysical Observatory","/wiki/Smithsonian_Astrophysical_Observatory",34.217,-118.933
"Cambridge, Massachusetts","/wiki/Cambridge,_Massachusetts",42.37361,-71.11056
"Sobaeksan","/wiki/Sobaeksan",36.96,128.48472
"Sola Fide Observatory","/wiki/Sola_Fide_Observatory",43.618959,-92.987294
"Austin, Minnesota","/wiki/Austin,_Minnesota",43.667,-92.967
"Solar Space Telescope","/wiki/Space_program_of_China#List_of_projects",-7,117.55
"Sommers–Bausch Observatory","/wiki/Sommers%E2%80%93Bausch_Observatory",40.003722,-105.2625
"Boulder, Colorado","/wiki/Boulder,_Colorado",40.027435,-105.251945
"Sonnenborgh Observatory","/wiki/Sonnenborgh_Observatory",52.08667,5.13
"Utrecht","/wiki/Utrecht_(city)",52.083,5.117
"Sonoma State Observatory","/wiki/Sonoma_State_Observatory",38.33667,-122.6675
"South African Astronomical Observatory","/wiki/South_African_Astronomical_Observatory",-33.9347,18.4776
"Observatory, Cape Town","/wiki/Observatory,_Cape_Town",-33.93778,18.47083
"South Africa","/wiki/South_Africa",-30,25
"Sutherland, Northern Cape","/wiki/Sutherland,_Northern_Cape",-32.39361,20.66139
"South Africa","/wiki/South_Africa",-30,25
"Southern Astrophysical Research Telescope (SOAR)","/wiki/Southern_Astrophysical_Research_Telescope",-30.238,-70.73372
"Cerro Pachón","/wiki/Cerro_Pach%C3%B3n",-30.240722,-70.736583
"Chile","/wiki/Chile",-30,-71
"South Pole Telescope","/wiki/South_Pole_Telescope",-90,0
"Antarctica","/wiki/Antarctica",-69.35778,-2.24722
"Space Hard X-Ray Modulation Telescope","/wiki/Space_program_of_China#List_of_projects",-7,117.55
"Spanish National Observatory","/wiki/Spanish_National_Observatory",40.411,-3.678
"Special Astrophysical Observatory of the Russian Academy of Sciences","/wiki/Special_Astrophysical_Observatory_of_the_Russian_Academy_of_Science",43.646825,41.440447
"Zelenchukskaya","/wiki/Zelenchukskaya",43.85,41.6
"Arkhyz","/wiki/Arkhyz",43.565,41.278889
"Caucasus Mountains","/wiki/Caucasus_Mountains",43.355,42.44194
"Sperry Observatory","/wiki/Sperry_Observatory",40.66639,-74.32333
"Cranford, New Jersey","/wiki/Cranford,_New_Jersey",40.656391,-74.30483
"Springfield Observatory","/wiki/Springfield_Science_Museum",42.10361,-72.58528
"Sproul Observatory","/wiki/Sproul_Observatory",39.90361,-75.35528
"Stardome Observatory","/wiki/Stardome_Observatory",-36.9059778,174.7767361
"Starkenburg Observatory","/wiki/Starkenburg_Observatory",49.64806,8.65306
"Heppenheim","/wiki/Heppenheim",49.64306,8.63889
"Štefánik's Observatory","/wiki/%C5%A0tef%C3%A1nik%27s_Observatory",50.081194,14.398222
"Steward Observatory","/wiki/Steward_Observatory",32.2333,-110.949
"MMT Observatory","/wiki/MMT_Observatory",31.6883,-110.885
"Mount Graham International Observatory","/wiki/Mount_Graham_International_Observatory",32.7013028,-109.8920139
"Mount Lemmon Observatory","/wiki/Mount_Lemmon_Observatory",32.442,-110.7893
"Tucson, Arizona","/wiki/Tucson,_Arizona",32.22167,-110.92639
"Stjerneborg","/wiki/Stjerneborg",55.9068,12.6967
"Hven","/wiki/Hven",55.9,12.7
"Stockholm Observatory","/wiki/Stockholm_Observatory",59.34167,18.05472
"Stockholm","/wiki/Stockholm",59.32944,18.06861
"Stokesville Observatory","/wiki/Stokesville_Observatory",38.352361,-79.15194
"Stonyhurst Observatory","/wiki/Stonyhurst_Observatory",53.8,-2.5
"Strasbourg Observatory","/wiki/Observatory_of_Strasbourg",48.58333,7.76806
"Strasbourg","/wiki/Strasbourg",48.58,7.75
"Stratospheric Observatory for Infrared Astronomy","/wiki/Stratospheric_Observatory_for_Infrared_Astronomy",34.923,-117.885
"Stull Observatory","/wiki/Stull_Observatory",42.25,-77.783
"Stuttgart Observatory","/wiki/Stuttgart_Observatory",48.875,9.59667
"Stuttgart","/wiki/Stuttgart",48.783,9.183
"Submillimeter Array","/wiki/Submillimeter_Array",19.8243,-155.478
"Mauna Kea","/wiki/Mauna_Kea",19.820664075,-155.468066397
"Hawaii","/wiki/Hawaii",21.31139,-157.79639
"Sudbury Neutrino Observatory","/wiki/Sudbury_Neutrino_Observatory",46.475,-81.20111
"Sudbury","/wiki/Greater_Sudbury",46.49,-81.01
"Sunriver Observatory","/wiki/Sunriver_Observatory",43.8851,-121.4476
"Sunriver, Oregon","/wiki/Sunriver,_Oregon",43.8841694,-121.4375
"Sydney Observatory","/wiki/Sydney_Observatory",-33.859574,151.204576
"Sydney, Australia","/wiki/Sydney,_Australia",-33.865,151.20944
"Table Mountain Observatory","/wiki/Table_Mountain_Observatory",34.382,-117.6818
"Angeles National Forest","/wiki/Angeles_National_Forest",34.333,-118.133
"Tacubaya","/wiki/Tacubaya",19.4016398,-99.1883337
"Mexico City","/wiki/Mexico_City",19.433,-99.133
"Taeduk Radio Astronomy Observatory","/wiki/Taeduk_Radio_Astronomy_Observatory",36.397586,127.375208
"Tamke-Allan Observatory","/wiki/Tamke-Allan_Observatory",35.8325,-84.61783
"Tartu Observatory","/wiki/Tartu_Observatory",58.26583,26.46611
"Teide Observatory","/wiki/Teide_Observatory",28.3,-16.5097
"Tenerife","/wiki/Tenerife",28.26861,-16.60556
"Canary Islands","/wiki/Canary_Islands",28.1,-15.4
"Ten Acre Observatory","/wiki/Ten_Acre_Observatory",35.0886,-97.1207
"Thai National Observatory","/wiki/Thai_National_Observatory",18.590549,98.486546
"The Heights Observatory","/wiki/The_Heights_Observatory",-34.812439,138.682356
"The Heights School","/wiki/The_Heights_School_(Australia)",-34.8107711,138.683153
"Texas A&M Astronomical Observatory","/wiki/Texas_A%26M_Astronomical_Observatory",30.5727167,-96.36665
"Theodore Jacobsen Observatory","/wiki/Theodore_Jacobsen_Observatory",47.660432,-122.3092
"Thompson Observatory","/wiki/Thompson_Observatory",42.505,-89.03167
"Tuorla Observatory","/wiki/Tuorla_Observatory",60.41583,22.44333
"Trieste Observatory","/wiki/Trieste_Observatory",45.6448,13.774
"Trieste","/wiki/Trieste",45.633,13.8
"Turin Observatory","/wiki/Turin_Observatory",45.041292,7.765135
"Pino Torinese","/wiki/Pino_Torinese",45.0434889,7.7725556
"Uraniborg","/wiki/Uraniborg",55.90778,12.69611
"","/wiki/File:Old_University_of_Alabama_Observatory_02.jpg",33.211111,-87.549167
"","/wiki/File:Old_University_of_Alabama_Observatory_02.jpg",33.211111,-87.549167
"Old University of Alabama Observatory","/wiki/Old_University_of_Alabama_Observatory",33.21104,-87.55014
"University of Illinois Observatory","/wiki/University_of_Illinois_Observatory",40.10525,-88.226139
"Udaipur Solar Observatory","/wiki/Udaipur_Solar_Observatory",24.6045889,73.6741889
"Udaipur, Rajasthan","/wiki/Udaipur,_Rajasthan",24.58,73.68
"Ukrainian T-shaped Radio telescope, second modification","/wiki/Ukrainian_T-shaped_Radio_telescope,_second_modification",49.6381,36.9361
"Ulugh Beg Observatory","/wiki/Ulugh_Beg_Observatory",39.675,67.005
"Samarkand","/wiki/Samarkand",39.7,66.983
"University of Alabama Observatory","/wiki/University_of_Alabama_Observatory",33.209682,-87.543886
"Tuscaloosa, Alabama","/wiki/Tuscaloosa,_Alabama",33.20667,-87.53472
"University of Alabama Observatory (Old)","/wiki/Old_University_of_Alabama_Observatory",33.21104,-87.55014
"Tuscaloosa, Alabama","/wiki/Tuscaloosa,_Alabama",33.20667,-87.53472
"University of North Alabama Observatory","/wiki/UNA_Observatory",34.809278,-87.6825
"University of Illinois Astronomical Observatory","/wiki/University_of_Illinois_Observatory",40.10525,-88.226139
"University of London Observatory","/wiki/University_of_London_Observatory",51.6134,-0.242
"University of Maryland Observatory","/wiki/University_of_Maryland_Observatory",39.00167,-76.95667
"University of New Hampshire Observatory","/wiki/University_of_New_Hampshire_Observatory",43.1465,-70.9438
"University of Oklahoma Observatory","/wiki/University_of_Oklahoma_Observatory",35.2025,-97.444056
"Uppsala Astronomical Observatory","/wiki/Uppsala_Astronomical_Observatory",59.837417,17.647833
"Urania (Vienna)","/wiki/Urania_(Vienna)",48.21167,16.38361
"Urania Observatory (Zürich)","/wiki/Urania_Observatory_(Z%C3%BCrich)",47.3744,8.5395
"Uraniborg","/wiki/Uraniborg",55.90778,12.69611
"Hven","/wiki/Hven",55.9,12.7
"Urumqi Astronomical Observatory","/wiki/Urumqi_Astronomical_Observatory",43.47,87.18
"Urumqi","/wiki/Urumqi",43.825,87.6
"U.S. Naval Observatory (USNO)","/wiki/United_States_Naval_Observatory",38.921473,-77.066946
"Depot of Charts and Instruments (U.S. Navy) (precursor, renamed to USNO)","/wiki/United_States_Naval_Observatory#History",38.921473,-77.066946
"U.S. Naval Observatory (Flagstaff Station)","/wiki/United_States_Naval_Observatory_Flagstaff_Station",35.18417,-111.74028
"Washington, D.C.","/wiki/Washington,_D.C.",38.90472,-77.01639
"Washington, D.C.","/wiki/Washington,_D.C.",38.90472,-77.01639
"Flagstaff, Arizona","/wiki/Flagstaff,_Arizona",35.19917,-111.63111
"Very Large Array","/wiki/Very_Large_Array",34.0787492,-107.6177275
"Valongo Observatory","/wiki/Valongo_Observatory",-22.9,-43.19
"Kavalur","/wiki/Kavalur",12.57802,78.81318
"Aosta Valley","/wiki/Aosta_Valley",45.74694,7.43917
"Van Vleck Observatory","/wiki/Van_Vleck_Observatory",41.555,-72.65917
"Vanderbilt University Observatory","/wiki/Vanderbilt_University_Observatory",36.0524,-86.8053
"Vartiovuori Observatory","/wiki/Vartiovuori_Observatory",60.44861,22.27667
"Vassar College Observatory","/wiki/Vassar_College_Observatory",41.688285,-73.89331
"Poughkeepsie, New York","/wiki/Poughkeepsie_(town),_New_York",41.67111,-73.90694
"Vatican Observatory","/wiki/Vatican_Observatory",41.747222222222,12.650555555556
"Vatican Advanced Technology Telescope","/wiki/Vatican_Advanced_Technology_Telescope",32.7013278,-109.8923722
"Castel Gandolfo","/wiki/Castel_Gandolfo",41.7467472,12.6505861
"Mount Graham","/wiki/Mount_Graham",32.701657806,-109.871391036
"Veen Observatory","/wiki/Veen_Observatory",42.90444,-85.40361
"Vega–Bray Observatory","/wiki/Vega%E2%80%93Bray_Observatory",31.94083,-110.2575
"Ventspils Starptautiskais Radioastronomijas Centrs","/wiki/Ventspils_Starptautiskais_Radioastronomijas_Centrs",57.553493,21.854916
"Very Large Array","/wiki/Very_Large_Array",34.0787492,-107.6177275
"Socorro, New Mexico","/wiki/Socorro,_New_Mexico",34.06167,-106.89944
"Very Long Baseline Array","/wiki/Very_Long_Baseline_Array",34.07883,-107.61831
"Vienna Observatory","/wiki/Vienna_Observatory",48.2318833,16.3337472
"Vilnius University Observatory","/wiki/Vilnius_University_Observatory",54.683111,25.2865
"Vilnius University","/wiki/Vilnius_University",54.6825,25.28722
"Lithuania","/wiki/Lithuania",54.683,25.317
"Višnjan Observatory","/wiki/Vi%C5%A1njan_Observatory",45.2775,13.72611
"Višnjan","/wiki/Vi%C5%A1njan",45.2775,13.72611
"Vsetín Observatory","/wiki/Observatory_Vset%C3%ADn",49.34425,17.9962806
"Williams Observatory","/wiki/Williams_Observatory",35.24415,-81.67095
"Warner Observatory","/wiki/Warner_Observatory",43.15361,-77.59
"Warner and Swasey Observatory","/wiki/Warner_and_Swasey_Observatory",41.53611,-81.568472
"Warren Rupp Observatory","/wiki/Warren_Rupp_Observatory",40.6378,-82.4364
"Washburn Observatory","/wiki/Washburn_Observatory",43.0764667,-89.4089
"Weaver Student Observatory","/wiki/Weaver_Student_Observatory",36.66167,-121.80833
"Weitkamp Observatory","/wiki/Weitkamp_Observatory",40.125746,-82.9372662
"West Mountain Observatory","/wiki/West_Mountain_Observatory",40.08741,-111.82604
"West Mountain (Utah)","/wiki/West_Mountain_(Utah)",40.055410072,-111.829509706
"Whitin Observatory","/wiki/Whitin_Observatory",42.295,-71.303
"Widener University Observatory","/wiki/Widener_University_Observatory",39.86222,-75.35833
"Chester, Pennsylvania","/wiki/Chester,_Pennsylvania",39.84722,-75.37278
"Wilder Observatory","/wiki/Wilder_Observatory",42.36575,-72.52417
"Willard L. Eccles Observatory","/wiki/Willard_L._Eccles_Observatory",38.5217,-113.2863
"William Brydone Jack Observatory","/wiki/William_Brydone_Jack_Observatory",45.94806,-66.64056
"Williams Observatory","/wiki/Williams_Observatory",35.24415,-81.67095
"Winer Observatory","/wiki/Winer_Observatory",31.6655778,-110.6017833
"Winfree Observatory","/wiki/Winfree_Observatory",37.439556,-79.173111
"Wise Observatory","/wiki/Wise_Observatory",30.59583,34.76333
"Witte Observatory","/wiki/Witte_Observatory",40.9552,-91.2219
"WIYN Observatory","/wiki/WIYN_Observatory",31.9575,-111.601
"Kitt Peak","/wiki/Kitt_Peak",31.964919231,-111.599279136
"Wyoming Infrared Observatory","/wiki/Wyoming_Infrared_Observatory",41.097,-105.977
"Xinglong Station (NAOC)","/wiki/Xinglong_Station_(NAOC)",40.39417,117.575
"Xinjiang Astronomical Observatory","/wiki/Xinjiang_Astronomical_Observatory",43.47,87.18
"Urumqi","/wiki/Urumqi",43.825,87.6
"","/wiki/File:Yerkes_40_inch_Refractor_Telescope-2006.jpg",42.57028,-88.55611
"","/wiki/File:Yerkes_40_inch_Refractor_Telescope-2006.jpg",42.57028,-88.55611
"Yerkes Observatory","/wiki/Yerkes_Observatory",42.570277777778,-88.556111111111
"Yale Student Observatory","/wiki/Yale_Student_Observatory",41.321,-72.922
"Yangbajing","/wiki/Yangbajing",30.083,90.55
"Yantra Mandir","/wiki/Yantra_Mandir_(Delhi)",28.624,77.215938
"New Delhi","/wiki/New_Delhi",28.61389,77.20889
"Delhi","/wiki/Delhi",28.61,77.23
"Yerkes Observatory","/wiki/Yerkes_Observatory",42.570277777778,-88.556111111111
"Williams Bay, Wisconsin","/wiki/Williams_Bay,_Wisconsin",42.57417,-88.54361
"York University Observatory","/wiki/York_University_Observatory",43.7739,-79.5073
"Yuba City Astronomical Observatory","/wiki/Yuba_City_Astronomical_Observatory",39.11465,-121.634125
"Yuba City, California","/wiki/Yuba_City,_California",39.13472,-121.62611
"Yunnan Astronomical Observatory","/wiki/Yunnan_Astronomical_Observatory",25.033,102.783
"Kunming","/wiki/Kunming",25.067,102.683
"Yunnan","/wiki/Yunnan",25.05,101.867
"Zimmerwald Observatory","/wiki/Zimmerwald_Observatory",46.87667,7.465
"Zimmerwald","/wiki/Zimmerwald",46.883,7.467
